img,title,date,json,
20220206.jpg,恩智川、枚岡神社,2022/02/06,20220206.geojson,50
20220205.jpg,淀川（枚方大橋～長柄橋）,2022/02/05,20220205.geojson,49
20220130.jpg,清滝峠,2022/01/30,20220130.geojson,48
20220129.jpg,枚方～総持寺～大山崎,2022/01/29,20220129.geojson,47
20220122.jpg,粉河寺～紀三井寺,2022/01/22,20220122.geojson,46
20220116.jpg,生駒山地一周,2022/01/16,20220116.geojson,45
20220115.jpg,寝屋川～淀川～天野川,2022/01/15,20220115.geojson,44
20220109.jpg,勝尾寺ヒルクライム,2022/01/09,20220109.geojson,43
20220108.jpg,清滝峠～淀川,2022/01/08,20220108.geojson,42
20211219.jpg,清滝峠～くろんど池,2021/12/19,20211219.geojson,41
20211212.jpg,本町～桜ノ宮公園～淀川,2021/12/12,20211212.geojson,40
20211211.jpg,清滝峠～淀川～城北川,2021/12/11,20211211.geojson,39
20211205.jpg,恩智川～葛井寺～王寺,2021/12/05,20211205b.geojson,38
20211204.jpg,住道～清滝峠（往復）,2021/12/04,20211204.geojson,37
20211128.jpg,亀の瀬～法隆寺,2021/11/28,20211128.geojson,36
20211127.jpg,清滝峠～くろんど池,2021/11/27,20211127.geojson,35
20211123.jpg,葡萄坂～信貴山～十三峠,2021/11/23,20211123.geojson,34
20211121.jpg,神戸市（灘～須磨海岸）,2021/11/21,20211121.geojson,33
20211114.jpg,清滝峠～淀川～中央環状,2021/11/14,20211114.geojson,32
20211113.jpg,近江舞子～守山～大津,2021/11/13,20211113.geojson,31
20211107.jpg,清滝峠～淀川～中央環状,2021/11/07,20211107.geojson,30
20211106.jpg,近江塩津～近江舞子,2021/11/06,20211106.geojson,29
20211103.jpg,清滝峠～天野川～淀川,2021/11/03,20211103.geojson,28
20211023.jpg,彦根～近江塩津,2021/10/23,20211023.geojson,27
20211009.jpg,近江八幡～長命寺～彦根,2021/10/09,20211009.geojson,26
20210925.jpg,野崎～枚岡～瓢箪山,2021/09/25,20210925.geojson,25
20210919.jpg,筒井～明日香～橿原神宮,2021/09/19,20210919.geojson,24
20210912.jpg,篠山口～福住～篠山城跡,2021/09/12,20210912.geojson,23
20210828.jpg,大和川下流～住吉大社,2021/08/28,20210828.geojson,22
20210822.jpg,百舌鳥・古市古墳群,2021/08/22,20210822.geojson,21
20210801.jpg,河内長野市（観心寺ほか）,2021/08/01,20210801.geojson,20
20210724.jpg,三川合流～嵐山,2021/07/24,20210724.geojson,19
20210704.jpg,奈良市若草山周辺,2021/07/04,20210704.geojson,18
20210626.jpg,吉野川河口周辺,2021/06/26,20210626.geojson,17
20210620.jpg,三川合流～天ケ瀬ダム,2021/6/20,20210620.geojson,16
20210612.jpg,安威川～彩都,2021/6/12,20210612.geojson,15
20210605.jpg,毛馬～なにわ自転車道,2021/6/5,20210605.geojson,14
20210529.jpg,阪南市～岬町（海岸線）,2021/5/29,20210529.geojson,13
20210523.jpg,淀川河口～舞洲,2021/5/23,20210523.geojson,12
20210515.jpg,木津川,2021/5/15,20210515.geojson,11
20210509.jpg,摂津富田,2021/5/9,20210509.geojson,10
20210424.jpg,富田林市,2021/4/24,20210424.geojson,9
20210411.jpg,淀川河川公園（枚方市）,2021/4/11,20210411.geojson,8
20210410.jpg,私市（交野市）,2021/4/10,20210410.geojson,7
20210403.jpg,宇陀市,2021/4/3,20210403.geojson,6
20210327.jpg,西大寺～郡山,2021/3/27,20210327.geojson,5
20210314.jpg,南河内サイクルライン,2021/3/14,20210314.geojson,4
20210307.jpg,竜田川（平群町）,2021/3/7,20210307.geojson,3
20210227.jpg,リサイクル公園（和泉市）,2021/2/27,20210227.geojson,2
20210220.jpg,淀川河川公園（守口市）,2021/2/20,20210220.geojson,1
