img,title,date,json,no
20210822.jpg,百舌鳥・古市古墳群,2021/08/22.20210822.geojson,21
20210801.jpg,河内長野市（観心寺ほか）,2021/08/01,20210801.geojson,20
20210724.jpg,三川合流～嵐山,2021/07/24,20210724.geojson,19
20210704.jpg,奈良市若草山周辺,2021/07/04,20210704.geojson,18
20210626.jpg,吉野川河口周辺,2021/06/26,20210626.geojson,17
20210620.jpg,三川合流～天ケ瀬ダム,2021/6/20,20210620.geojson,16
20210612.jpg,安威川～彩都,2021/6/12,20210612.geojson,15
20210605.jpg,毛馬～なにわ自転車道,2021/6/5,20210605.geojson,14
20210529.jpg,阪南市～岬町（海岸線）,2021/5/29,20210529.geojson,13
20210523.jpg,淀川河口～舞洲,2021/5/23,20210523.geojson,12
20210515.jpg,木津川,2021/5/15,20210515.geojson,11
20210509.jpg,摂津富田,2021/5/9,20210509.geojson,10
20210424.jpg,富田林市,2021/4/24,20210424.geojson,9
20210411.jpg,淀川河川公園（枚方市）,2021/4/11,20210411.geojson,8
20210410.jpg,私市（交野市）,2021/4/10,20210410.geojson,7
20210403.jpg,宇陀市,2021/4/3,20210403.geojson,6
20210327.jpg,西大寺～郡山,2021/3/27,20210327.geojson,5
20210314.jpg,南河内サイクルライン,2021/3/14,20210314.geojson,4
20210307.jpg,竜田川（平群町）,2021/3/7,20210307.geojson,3
20210227.jpg,リサイクル公園（和泉市）,2021/2/27,20210227.geojson,2
20210220.jpg,淀川河川公園（守口市）,2021/2/20,20210220.geojson,1
